scenario_id,scenario_type,forecast_origin,horizon,rul_lead_horizon,model_family,model_name,capacity_mae,capacity_rmse,capacity_smape,soh_mae,soh_rmse,soh_smape,n
eol_o516_lead30_h34,eol_crossing,516,34,30.0,machine_learning,RidgeRegression,0.00880084247434832,0.0220462594384659,0.9782293230169117,0.007744343042668137,0.01939971047053453,0.9782293230169126,34
eol_o516_lead30_h34,eol_crossing,516,34,30.0,deep_learning,NHITS,0.012857395780001609,0.024166821418964,1.4172360987793482,0.011313926348063538,0.021265709034658704,1.4172360987793498,34
eol_o516_lead30_h34,eol_crossing,516,34,30.0,machine_learning,RandomForestRegressor,0.013643545208726316,0.022600958454121002,1.5037273708002648,0.012005702263447408,0.019887820498089757,1.5037273708002639,34
eol_o516_lead30_h34,eol_crossing,516,34,30.0,baseline,MovingAverage,0.01402590160425647,0.024354266485716484,1.5433933487298976,0.012342158585688642,0.021430652209453394,1.5433933487298983,34
eol_o516_lead30_h34,eol_crossing,516,34,30.0,foundation_model,ChronosBolt_Base,0.01482598017523991,0.024436373392808106,1.631521618237322,0.01304620594494028,0.021502912506652223,1.6315233751727842,34
eol_o516_lead30_h34,eol_crossing,516,34,30.0,foundation_model,TimesFM_2p5_200M,0.020748531480401494,0.029894565910447424,2.2621108926134252,0.018257768603877466,0.026305864943833177,2.2621108926134257,34
eol_o516_lead30_h34,eol_crossing,516,34,30.0,deep_learning,PatchTST,0.026110062542682694,0.03128236619864322,2.8916896772733045,0.022975673270532807,0.027527066384243883,2.891689677273305,34
eol_o516_lead30_h34,eol_crossing,516,34,30.0,baseline,LinearTrend,0.04117110794333743,0.042960511417959625,4.585452772982474,0.03622871154542887,0.03780330561294089,4.585452772982471,34
eol_o516_lead30_h34,eol_crossing,516,34,30.0,baseline,Persistence,0.1099070907882901,0.11207559247730636,12.682673348953525,0.09671326539101761,0.09862144872883957,12.682673348953527,34
eol_o526_lead20_h24,eol_crossing,526,24,20.0,machine_learning,RidgeRegression,0.005230289481513675,0.005928193072340505,0.5698999108762381,0.0046024180157025335,0.005216541587829432,0.5698999108762387,24
eol_o526_lead20_h24,eol_crossing,526,24,20.0,baseline,LinearTrend,0.006435049184523737,0.008274270144067014,0.7000065318602727,0.005662552025746119,0.007280983225200476,0.700006531860272,24
eol_o526_lead20_h24,eol_crossing,526,24,20.0,deep_learning,PatchTST,0.006728733884748687,0.008203273803734215,0.7327439740358953,0.005920981269486633,0.007218509659071586,0.7327439740358952,24
eol_o526_lead20_h24,eol_crossing,526,24,20.0,foundation_model,ChronosBolt_Base,0.007083129887001789,0.008325434942206519,0.7715044313488217,0.006232851286605834,0.007326030490534365,0.7715065970200559,24
eol_o526_lead20_h24,eol_crossing,526,24,20.0,machine_learning,RandomForestRegressor,0.007507245153654797,0.008744705419503798,0.8182127299197132,0.006606035949940752,0.007694944975223087,0.8182127299197125,24
eol_o526_lead20_h24,eol_crossing,526,24,20.0,baseline,MovingAverage,0.008631832077231652,0.010472689257589238,0.9396417245200461,0.0075956215427817235,0.009215492542495714,0.9396417245200456,24
eol_o526_lead20_h24,eol_crossing,526,24,20.0,deep_learning,NHITS,0.010747394874309998,0.013101781837123022,1.1671260461927946,0.009457221051764464,0.011528975017177841,1.1671260461927953,24
eol_o526_lead20_h24,eol_crossing,526,24,20.0,foundation_model,TimesFM_2p5_200M,0.01100500856872109,0.01275045063479381,1.1959719837990233,0.00968390944299787,0.011219819460722784,1.1959719837990246,24
eol_o526_lead20_h24,eol_crossing,526,24,20.0,baseline,Persistence,0.012299803200727757,0.014377960853566364,1.3355249376558231,0.010823270115489328,0.01265195479053459,1.3355249376558245,24
eol_o536_lead10_h14,eol_crossing,536,14,10.0,machine_learning,RandomForestRegressor,0.006458118973372943,0.0075289388844604075,0.7070768728203374,0.005682852395772177,0.006625125451170185,0.7070768728203386,14
eol_o536_lead10_h14,eol_crossing,536,14,10.0,machine_learning,RidgeRegression,0.006747135525552291,0.007534791348036716,0.7384309630506567,0.005937173880517487,0.006630275354229081,0.7384309630506547,14
eol_o536_lead10_h14,eol_crossing,536,14,10.0,deep_learning,PatchTST,0.0074269688808128774,0.008122171206394897,0.811959117621696,0.006535396463222677,0.007147143044196057,0.8119591176216961,14
eol_o536_lead10_h14,eol_crossing,536,14,10.0,foundation_model,ChronosBolt_Base,0.009728255345709869,0.010996912383767848,1.062910421623721,0.008560450904040309,0.00967681480461283,1.0629136913231851,14
eol_o536_lead10_h14,eol_crossing,536,14,10.0,foundation_model,TimesFM_2p5_200M,0.011346351152376652,0.012763840554635243,1.2384005746625135,0.00998427546711477,0.011231601984142343,1.2384005746625122,14
eol_o536_lead10_h14,eol_crossing,536,14,10.0,baseline,MovingAverage,0.012361231439687481,0.013631074785027229,1.34826769150785,0.010877324185471557,0.011994728855015822,1.3482676915078504,14
eol_o536_lead10_h14,eol_crossing,536,14,10.0,baseline,Persistence,0.014033452313109405,0.015376761901766001,1.5289793448377835,0.012348802867726787,0.013530854506235687,1.528979344837789,14
eol_o536_lead10_h14,eol_crossing,536,14,10.0,deep_learning,NHITS,0.015552226909993092,0.019818276132881476,1.689793597748876,0.01368525577175719,0.017439186002328865,1.689793597748877,14
eol_o536_lead10_h14,eol_crossing,536,14,10.0,baseline,LinearTrend,0.02002379064038869,0.021562657114664735,2.173279365273189,0.01762002946714713,0.01897416231390478,2.17327936527319,14
pre_01_o182_h10,pre_eol_rolling,182,10,,foundation_model,TimesFM_2p5_200M,0.002041456896968441,0.0030006897755550325,0.2010829868065802,0.001796389670991705,0.0026404711883274323,0.20108298680657993,10
pre_01_o182_h10,pre_eol_rolling,182,10,,baseline,Persistence,0.0022495695726881594,0.0024482095083779467,0.22140459992905626,0.0019795194062412922,0.0021543135590100762,0.22140459992905206,10
pre_01_o182_h10,pre_eol_rolling,182,10,,foundation_model,ChronosBolt_Base,0.004118894937003859,0.004836516733045005,0.4059255593716623,0.0036244218572990873,0.004255886817136084,0.40592339384721515,10
pre_01_o182_h10,pre_eol_rolling,182,10,,deep_learning,NHITS,0.01722467706989832,0.020281867491015747,1.713603220466119,0.015156936215739936,0.017847125414887664,1.7136032204661182,10
pre_01_o182_h10,pre_eol_rolling,182,10,,baseline,LinearTrend,0.018676191083487913,0.01868450943569321,1.8534533900814838,0.0164342028507515,0.016441522624195383,1.853453390081482,10
pre_01_o182_h10,pre_eol_rolling,182,10,,machine_learning,RandomForestRegressor,0.019655197877225205,0.02200076774763121,1.9568529724298522,0.017295684518433052,0.0193596798415985,1.9568529724298505,10
pre_01_o182_h10,pre_eol_rolling,182,10,,deep_learning,PatchTST,0.020668366879486654,0.022846976182950358,2.0572664261521005,0.018187227383400794,0.020104304964455956,2.057266426152096,10
pre_01_o182_h10,pre_eol_rolling,182,10,,baseline,MovingAverage,0.02107549511885374,0.02109762216552793,2.094050657218872,0.018545481807020637,0.0185649526066021,2.0940506572188746,10
pre_01_o182_h10,pre_eol_rolling,182,10,,machine_learning,RidgeRegression,0.03545535867242232,0.03771999970142546,3.555446797917265,0.03119911088743905,0.033191892493088675,3.5554467979172633,10
pre_01_o182_h20,pre_eol_rolling,182,20,,baseline,Persistence,0.004977044426536281,0.006514943915059942,0.4920502467250654,0.004379573829441869,0.005732855772504165,0.49205024672506387,20
pre_01_o182_h20,pre_eol_rolling,182,20,,foundation_model,ChronosBolt_Base,0.006475114799573234,0.008151623594893003,0.6411348308407488,0.00569778581531582,0.007173040353457144,0.6411323283186264,20
pre_01_o182_h20,pre_eol_rolling,182,20,,foundation_model,TimesFM_2p5_200M,0.00647608103670585,0.008826149987106421,0.6397160636595349,0.005698658198524531,0.007766612508452437,0.639716063659535,20
pre_01_o182_h20,pre_eol_rolling,182,20,,baseline,LinearTrend,0.014424078263808437,0.015891768331411787,1.4316731532903824,0.012692536024228396,0.013984036854628021,1.4316731532903817,20
pre_01_o182_h20,pre_eol_rolling,182,20,,machine_learning,RandomForestRegressor,0.016163713168931542,0.018921138852270963,1.6086405437163547,0.014223336003155456,0.01664974580070445,1.6086405437163547,20
pre_01_o182_h20,pre_eol_rolling,182,20,,baseline,MovingAverage,0.017443648844081495,0.01856918658237021,1.734365209731856,0.015349621466143987,0.016340043732896586,1.7343652097318591,20
pre_01_o182_h20,pre_eol_rolling,182,20,,deep_learning,NHITS,0.024587886251551082,0.03877570142673173,2.508537121195713,0.021636227029528214,0.03412086222926317,2.5085371211957144,20
pre_01_o182_h20,pre_eol_rolling,182,20,,deep_learning,PatchTST,0.025679718396051144,0.02716783095215948,2.572338777364236,0.02259698989929499,0.023906461595237148,2.5723387773642337,20
pre_01_o182_h20,pre_eol_rolling,182,20,,machine_learning,RidgeRegression,0.043856374935816234,0.045675106826116266,4.433377956922153,0.038591624960993595,0.040192026706869256,4.4333779569221505,20
pre_01_o182_h30,pre_eol_rolling,182,30,,foundation_model,TimesFM_2p5_200M,0.007851888823641998,0.011665215065944484,0.7709492232793557,0.006909306780619121,0.010264861278961155,0.7709492232793562,30
pre_01_o182_h30,pre_eol_rolling,182,30,,baseline,Persistence,0.011531062991437491,0.016508161532231516,1.1267591252930265,0.010146813525249383,0.014526434972788825,1.126759125293025,30
pre_01_o182_h30,pre_eol_rolling,182,30,,foundation_model,ChronosBolt_Base,0.015614410849037252,0.02274895572125529,1.5328091234557844,0.013739947625176866,0.0200180272667635,1.5328060427447154,30
pre_01_o182_h30,pre_eol_rolling,182,30,,baseline,LinearTrend,0.02073904744103498,0.025276580140788513,2.0419722293098923,0.018249423078491842,0.02224224648109654,2.0419722293098914,30
pre_01_o182_h30,pre_eol_rolling,182,30,,machine_learning,RandomForestRegressor,0.023299861937693723,0.028748273252416894,2.300127196163315,0.0205028239305769,0.02529717928709578,2.300127196163315,30
pre_01_o182_h30,pre_eol_rolling,182,30,,baseline,MovingAverage,0.02442644926263619,0.028944860594855844,2.4113629603220668,0.02149416978607951,0.02547016725070624,2.4113629603220703,30
pre_01_o182_h30,pre_eol_rolling,182,30,,deep_learning,NHITS,0.0335547805886832,0.045121757565670724,3.3654485928914473,0.029526688195775974,0.039705104402807195,3.3654485928914473,30
pre_01_o182_h30,pre_eol_rolling,182,30,,deep_learning,PatchTST,0.037428770384114934,0.04362055421027526,3.734194745581268,0.03293562387517985,0.03838411339599478,3.7341947455812674,30
pre_01_o182_h30,pre_eol_rolling,182,30,,machine_learning,RidgeRegression,0.058572206882836826,0.06416720756049647,5.912180965837003,0.05154089102139099,0.05646423838251568,5.912180965837003,30
pre_02_o292_h10,pre_eol_rolling,292,10,,deep_learning,PatchTST,0.004053181499408254,0.005277544478557869,0.41275170952727164,0.003566616268511025,0.0046440002742939345,0.41275170952727225,10
pre_02_o292_h10,pre_eol_rolling,292,10,,foundation_model,TimesFM_2p5_200M,0.004862060152879622,0.006131893284996377,0.49538781770701146,0.0042783928729249856,0.005395788555295278,0.4953878177070127,10
pre_02_o292_h10,pre_eol_rolling,292,10,,baseline,Persistence,0.004974756824420013,0.006093929705359813,0.5068842775863414,0.004377560843118677,0.005362382323483926,0.5068842775863409,10
pre_02_o292_h10,pre_eol_rolling,292,10,,baseline,LinearTrend,0.005055477773982631,0.007102967336655662,0.5152208010323915,0.0044485916252244625,0.006250289768991855,0.5152208010323905,10
pre_02_o292_h10,pre_eol_rolling,292,10,,foundation_model,ChronosBolt_Base,0.005573916711757931,0.006134733057368197,0.5681270266827542,0.004904803329622565,0.0053982863507123086,0.5681280547609431,10
pre_02_o292_h10,pre_eol_rolling,292,10,,machine_learning,RandomForestRegressor,0.006366838988117851,0.007815665208288781,0.6483450025764691,0.005602530140169315,0.006877431638624623,0.64834500257647,10
pre_02_o292_h10,pre_eol_rolling,292,10,,baseline,MovingAverage,0.007564673391291477,0.00882964908719756,0.7698329582233163,0.006656570199802691,0.0077696915581599085,0.7698329582233154,10
pre_02_o292_h10,pre_eol_rolling,292,10,,machine_learning,RidgeRegression,0.010089815310576756,0.01195772443876659,1.0330259758461569,0.008878580798374924,0.010522256287783617,1.0330259758461564,10
pre_02_o292_h10,pre_eol_rolling,292,10,,deep_learning,NHITS,0.014523018177288804,0.018733632386387533,1.464843395179136,0.012779598669973646,0.016484748597453507,1.4648433951791362,10
pre_02_o292_h20,pre_eol_rolling,292,20,,deep_learning,PatchTST,0.004275597075471404,0.005832038922719947,0.43588819680519564,0.003762331908699562,0.005131930288194394,0.4358881968051945,20
pre_02_o292_h20,pre_eol_rolling,292,20,,foundation_model,TimesFM_2p5_200M,0.0045379778677980594,0.005911550359625678,0.46290300762424813,0.003993215130335131,0.005201896753905863,0.4629030076242472,20
pre_02_o292_h20,pre_eol_rolling,292,20,,foundation_model,ChronosBolt_Base,0.00552846121210897,0.006401993551308773,0.5639416898899802,0.004864789788058316,0.005633455319852216,0.5639410071075095,20
pre_02_o292_h20,pre_eol_rolling,292,20,,baseline,Persistence,0.005580589598499608,0.00626408793788131,0.5690031903121465,0.0049106662637234235,0.0055121138665744085,0.5690031903121452,20
pre_02_o292_h20,pre_eol_rolling,292,20,,machine_learning,RandomForestRegressor,0.006152134993746538,0.008198187740695004,0.6268389982233908,0.005413600342835822,0.007214034153797262,0.6268389982233906,20
pre_02_o292_h20,pre_eol_rolling,292,20,,baseline,MovingAverage,0.0071193237385867025,0.00892934343059564,0.7248862210411292,0.006264682662384363,0.007857418068086488,0.7248862210411269,20
pre_02_o292_h20,pre_eol_rolling,292,20,,baseline,LinearTrend,0.008462287169096732,0.011134962992715014,0.8653839987424295,0.007446429697391749,0.009798263454247879,0.8653839987424288,20
pre_02_o292_h20,pre_eol_rolling,292,20,,deep_learning,NHITS,0.010859005900227415,0.013198477387059563,1.1010053773171486,0.009555433702947324,0.01161406272458659,1.1010053773171473,20
pre_02_o292_h20,pre_eol_rolling,292,20,,machine_learning,RidgeRegression,0.01617687796097974,0.018845554453087422,1.663586511070451,0.014234920424306474,0.016583234950446935,1.6635865110704504,20
pre_02_o292_h30,pre_eol_rolling,292,30,,foundation_model,TimesFM_2p5_200M,0.0032001160650980244,0.004838742243555786,0.32627336515070526,0.002815957296895873,0.004257874168111431,0.32627336515070376,30
pre_02_o292_h30,pre_eol_rolling,292,30,,foundation_model,ChronosBolt_Base,0.004432619976649714,0.005502976525919507,0.4515778478877394,0.003900500301444872,0.004842360236075458,0.4515773042033115,30
pre_02_o292_h30,pre_eol_rolling,292,30,,deep_learning,PatchTST,0.004642287592014327,0.0061878006140377645,0.47241368855718324,0.004085002966485066,0.005444984474431148,0.4724136885571823,30
pre_02_o292_h30,pre_eol_rolling,292,30,,machine_learning,RandomForestRegressor,0.004979180142723775,0.006872518649416387,0.5067141358952021,0.004381453163022275,0.006047505354554788,0.5067141358952029,30
pre_02_o292_h30,pre_eol_rolling,292,30,,baseline,MovingAverage,0.005350141053478715,0.007373120990284465,0.5443423419688992,0.004707881974432112,0.006488012756765968,0.5443423419688981,30
pre_02_o292_h30,pre_eol_rolling,292,30,,baseline,Persistence,0.007246583425109939,0.007973364441040093,0.7376135638493663,0.006376665426626649,0.007016199825823898,0.737613563849365,30
pre_02_o292_h30,pre_eol_rolling,292,30,,deep_learning,NHITS,0.010478990826310408,0.012402886133708543,1.066154805735994,0.009221037637755159,0.010913978430877786,1.0661548057359926,30
pre_02_o292_h30,pre_eol_rolling,292,30,,baseline,LinearTrend,0.014859110529538625,0.018438154880027126,1.5217579345372905,0.013075344728084127,0.01622474176545795,1.5217579345372898,30
pre_02_o292_h30,pre_eol_rolling,292,30,,machine_learning,RidgeRegression,0.02433850508274765,0.02812864160274718,2.507712706905885,0.02141678288821736,0.02475193148052235,2.5077127069058847,30
pre_03_o403_h10,pre_eol_rolling,403,10,,baseline,Persistence,0.00027967194017293197,0.00032154229058245086,0.02838233861095393,0.0002460986491259587,0.00028294266239323217,0.0283823386109505,10
pre_03_o403_h10,pre_eol_rolling,403,10,,machine_learning,RandomForestRegressor,0.0007583581462790479,0.0009837668066287406,0.07699703962669484,0.0006673208446923651,0.000865670263583143,0.07699703962669119,10
pre_03_o403_h10,pre_eol_rolling,403,10,,foundation_model,TimesFM_2p5_200M,0.0009486230502844251,0.0011023669598227734,0.09632471599859621,0.0008347453486410195,0.0009700330304346975,0.09632471599859324,10
pre_03_o403_h10,pre_eol_rolling,403,10,,deep_learning,NHITS,0.0011153546680688464,0.001172749013999369,0.11310898995365629,0.0009814616258548737,0.0010319660525493766,0.11310898995365812,10
pre_03_o403_h10,pre_eol_rolling,403,10,,deep_learning,PatchTST,0.0011447461734533705,0.0012418984946516048,0.11624628891221175,0.0010073248203048778,0.001092814465750021,0.11624628891221021,10
pre_03_o403_h10,pre_eol_rolling,403,10,,baseline,LinearTrend,0.0019898521878411457,0.0020861955713757595,0.2021346705321644,0.0017509798626394123,0.0018357576795538873,0.20213467053216433,10
pre_03_o403_h10,pre_eol_rolling,403,10,,foundation_model,ChronosBolt_Base,0.0036878498683691418,0.0037991724544634248,0.3749577352612708,0.003245106283226773,0.0033430662370789086,0.3749537204175165,10
pre_03_o403_h10,pre_eol_rolling,403,10,,baseline,MovingAverage,0.004548099793792737,0.00455086637738469,0.46258290583216016,0.004002121967082173,0.004004556435424807,0.4625829058321614,10
pre_03_o403_h10,pre_eol_rolling,403,10,,machine_learning,RidgeRegression,0.009072973316094312,0.009406274283602821,0.9252897418972571,0.007983805866495918,0.00827709563237486,0.9252897418972571,10
pre_03_o403_h20,pre_eol_rolling,403,20,,foundation_model,ChronosBolt_Base,0.004394704986689213,0.005371048970941728,0.4445945670006597,0.003867110189001577,0.004726253540853519,0.44459096172116,20
pre_03_o403_h20,pre_eol_rolling,403,20,,baseline,Persistence,0.00498234123013841,0.007547233824902021,0.5031238353910967,0.004384234776873208,0.006641224170711835,0.5031238353910941,20
pre_03_o403_h20,pre_eol_rolling,403,20,,foundation_model,TimesFM_2p5_200M,0.005319001326019724,0.007567333479314899,0.5373191704341989,0.0046804804236827815,0.006658910956865108,0.5373191704341967,20
pre_03_o403_h20,pre_eol_rolling,403,20,,machine_learning,RandomForestRegressor,0.005451940787976789,0.0078045701520758695,0.5508288781858437,0.004797461133234643,0.006867668491330385,0.5508288781858437,20
pre_03_o403_h20,pre_eol_rolling,403,20,,baseline,LinearTrend,0.005760936058120591,0.00757262102594554,0.5822398381694417,0.005069362985532328,0.00666356375858053,0.582239838169441,20
pre_03_o403_h20,pre_eol_rolling,403,20,,deep_learning,PatchTST,0.007024454125816782,0.009724926221204374,0.7107273530974301,0.00618120169703853,0.008557494914965142,0.7107273530974296,20
pre_03_o403_h20,pre_eol_rolling,403,20,,deep_learning,NHITS,0.008341765287439351,0.01180241743225029,0.845142684332403,0.007340375896471773,0.01038559315139664,0.8451426843324025,20
pre_03_o403_h20,pre_eol_rolling,403,20,,baseline,MovingAverage,0.008805250709203082,0.010530380113145799,0.892000692485272,0.007748222089819301,0.009266257884240821,0.8920006924852728,20
pre_03_o403_h20,pre_eol_rolling,403,20,,machine_learning,RidgeRegression,0.017446809102856942,0.020344485455921425,1.7784292919284135,0.015352402350829936,0.01790222638985417,1.7784292919284121,20
pre_03_o403_h30,pre_eol_rolling,403,30,,foundation_model,ChronosBolt_Base,0.00412611243886758,0.0050474225479126885,0.41724957428252224,0.0036307733429087143,0.004441485159917898,0.4172474020136197,30
pre_03_o403_h30,pre_eol_rolling,403,30,,baseline,Persistence,0.005613242239330773,0.0076501696141953925,0.5670801892950671,0.004939399109764312,0.006731803006315273,0.5670801892950655,30
pre_03_o403_h30,pre_eol_rolling,403,30,,foundation_model,TimesFM_2p5_200M,0.005720419350937197,0.007540286046508205,0.577976304161783,0.005033710117036827,0.006635110440188549,0.5779763041617824,30
pre_03_o403_h30,pre_eol_rolling,403,30,,baseline,LinearTrend,0.005883102060810319,0.007433601300924115,0.5945444069649463,0.00517686353854625,0.00654123269273073,0.594544406964947,30
pre_03_o403_h30,pre_eol_rolling,403,30,,machine_learning,RandomForestRegressor,0.0061121808751209315,0.007912433342664041,0.61776528526755,0.005378442526807873,0.006962583217054228,0.6177652852675505,30
pre_03_o403_h30,pre_eol_rolling,403,30,,deep_learning,PatchTST,0.007886900774960636,0.010156498442626914,0.7982984105459447,0.006940115713104278,0.008937258936435141,0.7982984105459449,30
pre_03_o403_h30,pre_eol_rolling,403,30,,baseline,MovingAverage,0.00906862305444136,0.010756802696770791,0.9185785867042248,0.007979977833138445,0.00946549950972271,0.9185785867042267,30
pre_03_o403_h30,pre_eol_rolling,403,30,,deep_learning,NHITS,0.009477198918329677,0.012184727537980241,0.960760750240628,0.008339506100815996,0.010722008740708817,0.9607607502406279,30
pre_03_o403_h30,pre_eol_rolling,403,30,,machine_learning,RidgeRegression,0.021830141104392443,0.02438272694805597,2.230930979217054,0.01920953611827754,0.021455696128163705,2.230930979217053,30
pre_04_o515_h10,pre_eol_rolling,515,10,,deep_learning,NHITS,0.026468904906443037,0.056525809300029595,3.024481382942385,0.02329143830908472,0.04974015377048146,3.024481382942385,10
pre_04_o515_h10,pre_eol_rolling,515,10,,baseline,MovingAverage,0.026574256367759043,0.05670544415460138,3.0357442942850534,0.02338414282673239,0.04989822431205501,3.0357442942850525,10
pre_04_o515_h10,pre_eol_rolling,515,10,,machine_learning,RidgeRegression,0.027040059885948386,0.056470323793671784,3.0856743764719106,0.023794028840015136,0.04969132903621498,3.0856743764719123,10
pre_04_o515_h10,pre_eol_rolling,515,10,,foundation_model,TimesFM_2p5_200M,0.027174556468827327,0.057295247624296025,3.0996456503221785,0.023912379745501422,0.050417224670303025,3.099645650322181,10
pre_04_o515_h10,pre_eol_rolling,515,10,,deep_learning,PatchTST,0.027208730667355418,0.057319334296955654,3.10325826033687,0.02394245149344839,0.0504384198520571,3.103258260336871,10
pre_04_o515_h10,pre_eol_rolling,515,10,,baseline,LinearTrend,0.02731750009976297,0.057359178097008724,3.1148761001966627,0.024038163670955893,0.05047348059273432,3.1148761001966636,10
pre_04_o515_h10,pre_eol_rolling,515,10,,baseline,Persistence,0.0276793723444441,0.05775330535674453,3.153352219632689,0.024356594867582758,0.05082029474271568,3.153352219632693,10
pre_04_o515_h10,pre_eol_rolling,515,10,,machine_learning,RandomForestRegressor,0.029241492127761136,0.058317884260088874,3.3195565689902526,0.025731189573828896,0.051317098624264056,3.319556568990255,10
pre_04_o515_h10,pre_eol_rolling,515,10,,foundation_model,ChronosBolt_Base,0.03105029981026767,0.057738823352052486,3.5113545426351487,0.027322894284318743,0.05080756981717072,3.511358853018841,10
pre_04_o515_h20,pre_eol_rolling,515,20,,machine_learning,RidgeRegression,0.01605527525968135,0.040132539909212575,1.8164142992673862,0.014127915551021381,0.035314818682006414,1.8164142992673875,20
pre_04_o515_h20,pre_eol_rolling,515,20,,deep_learning,NHITS,0.016236912057315235,0.041016262814912656,1.8356918637374426,0.014287747711879666,0.03609245484085741,1.8356918637374438,20
pre_04_o515_h20,pre_eol_rolling,515,20,,baseline,MovingAverage,0.018140117737303185,0.040885784396659346,2.040008824057459,0.015962482569314172,0.03597763973837564,2.0400088240574608,20
pre_04_o515_h20,pre_eol_rolling,515,20,,deep_learning,PatchTST,0.01824943067488376,0.04129798418878509,2.051548171366809,0.016058673006774344,0.036340356898879565,2.0515481713668104,20
pre_04_o515_h20,pre_eol_rolling,515,20,,foundation_model,TimesFM_2p5_200M,0.01935489786327791,0.04151713189160586,2.169570285091619,0.017031434098032504,0.03653319695852199,2.169570285091622,20
pre_04_o515_h20,pre_eol_rolling,515,20,,baseline,Persistence,0.01982202387596983,0.04190572181399073,2.219314527293147,0.017442483846620126,0.03687513850225984,2.219314527293152,20
pre_04_o515_h20,pre_eol_rolling,515,20,,baseline,LinearTrend,0.019957274353755366,0.04174539068817441,2.2337576674537667,0.017561498145502147,0.03673405436828539,2.233757667453768,20
pre_04_o515_h20,pre_eol_rolling,515,20,,machine_learning,RandomForestRegressor,0.021631619353676114,0.04260951185288611,2.4119079876187874,0.019034845962936243,0.03749444188226062,2.411907987618788,20
pre_04_o515_h20,pre_eol_rolling,515,20,,foundation_model,ChronosBolt_Base,0.02542530558765561,0.043297223379786115,2.814026194254114,0.022373153525186207,0.03809961747653372,2.814030448613134,20
pre_04_o515_h30,pre_eol_rolling,515,30,,machine_learning,RidgeRegression,0.013379675213944564,0.033209983462720104,1.5020065692487616,0.01177350861105413,0.029223282330784407,1.502006569248762,30
pre_04_o515_h30,pre_eol_rolling,515,30,,deep_learning,NHITS,0.013635752511399346,0.03400730078275947,1.5289221925518541,0.011998845042504813,0.029924885485055484,1.528922192551855,30
pre_04_o515_h30,pre_eol_rolling,515,30,,deep_learning,PatchTST,0.018334011241166483,0.03546988990094234,2.034053775038338,0.01613310007690379,0.03121189771083907,2.034053775038339,30
pre_04_o515_h30,pre_eol_rolling,515,30,,baseline,MovingAverage,0.01839977498938764,0.035259904577875124,2.0411744823570768,0.016190969198806707,0.03102712013068151,2.04117448235708,30
pre_04_o515_h30,pre_eol_rolling,515,30,,foundation_model,TimesFM_2p5_200M,0.019779085076820024,0.03606589334655637,2.1883217550082694,0.01740469964682042,0.031736353767279166,2.188321755008272,30
pre_04_o515_h30,pre_eol_rolling,515,30,,baseline,Persistence,0.02027394451538148,0.036465662325195415,2.241039536642362,0.01784015355493119,0.03208813237454564,2.241039536642366,30
pre_04_o515_h30,pre_eol_rolling,515,30,,baseline,LinearTrend,0.02096037850077603,0.036711001220341107,2.3141438822424285,0.018444184393403232,0.032304019497994926,2.3141438822424294,30
pre_04_o515_h30,pre_eol_rolling,515,30,,machine_learning,RandomForestRegressor,0.022165274071730683,0.03741412331784344,2.442341975290777,0.019504437961088538,0.03292273511980153,2.442341975290776,30
pre_04_o515_h30,pre_eol_rolling,515,30,,foundation_model,ChronosBolt_Base,0.02391824386613498,0.03745477432263396,2.6276804293509577,0.02104700851133081,0.032958528843041464,2.6276848264543795,30
